produto,mean,std,acf12,season_strength,cluster
1301001,0.010869565217391304,0.10368904363227666,-0.0124223602484472,0.0,0
1311001,1017.4239130434783,1678.135748989593,0.09483623844576351,0.062110405839135074,0
1312001,1588.5108695652175,2331.698398977641,0.20304930840482474,0.043226192419587584,2
1313001,896.7391304347826,1171.7881158591808,0.34113623264775134,0.14043870403917746,2
1321001,86.78260869565217,253.8891330314387,0.043102601541686304,9.14626157850762e-05,0
1322001,231.57608695652175,590.7670443859527,0.03189720783947937,0.0004730588590338147,0
1400001,67.05434782608695,210.3028542948828,-0.010348916667171063,0.007041486822794707,0
1400003,0.21739130434782608,0.8186161036418578,0.0091371803519961,0.0025215423732655173,0
1410001,164.44565217391303,486.6370928009826,-0.010939944875831435,0.025109492063531746,0
1410003,0.11956521739130435,0.656777232174817,-0.007335691234087147,0.036610337080226873,0
1450001,0.5652173913043478,3.05138723913826,-0.003967816112246368,0.0001538296980380105,0
1490001,27.304347826086957,68.72831501967902,0.09944709244297648,0.0012712833643594434,0
1491001,144.84782608695653,317.73987634071557,0.1534901354537957,0.36314856797074824,2
1501014,18.293478260869566,78.99718460083388,0.02029660574675766,3.475685050324806e-06,0
1512001,0.021739130434782608,0.14583052027172538,-0.025120772946859878,0.0,0
1520002,8175.836956521739,9891.872424937703,0.5230822622210992,0.26369803987488627,1
1520003,0.03260869565217391,0.17761015911269773,-0.026868588177821222,0.0,0
1521002,3147.9347826086955,3782.9106254436565,0.5327128759291513,0.27055398576650613,1
1522002,58.09782608695652,285.97586777872675,-1.548034574350476e-05,0.00012534541023978552,0
1523002,2276.8695652173915,2822.9895701935475,0.5152315687341451,0.26968507324948177,1
1524002,1353.5,1659.1132224120838,0.5506460468239744,0.15106376072639427,2
1525003,0.010869565217391304,0.10368904363227666,-0.0014333492594362414,0.0,0
1526003,1.2934782608695652,12.025821894969484,-0.0016061922725812956,0.0,0
1530003,2363.5,3152.6586209792495,0.5251947644009897,0.22341724017454878,1
1530005,1382.2608695652175,1930.8549349376708,0.4693593860138577,0.18229776573792245,2
1530006,0.043478260869565216,0.29166104054345077,-0.025120772946859896,0.0,0
1530007,0.010869565217391304,0.10368904363227667,-0.012422360248447202,0.0,0
1531001,3.2717391304347827,16.674703087682907,0.13423867479945634,1.3936074516607277e-11,0
1543001,1722.7826086956522,2094.218624784241,0.41901850795781254,0.36758857077346496,2
1543002,443.29347826086956,553.4839760070723,0.45975568216286583,0.44893108447247254,2
1544001,2320.8804347826085,2638.756734765328,0.532649303215285,0.4067262059664315,1
1544002,561.8260869565217,682.5504059853565,0.48440453739318057,0.27538889872655603,2
1548001,298.5108695652174,690.2791416232374,0.10018006712058936,0.00020930965083176822,0
1549001,394.2282608695652,905.575460847013,0.12076397140644617,0.009804427272038896,0
1580001,0.5978260869565217,5.599028996967658,-0.012680251366709385,0.0,0
1581001,0.4891304347826087,3.3605594941053414,0.05057036589931053,0.0009128490886736174,0
1581002,0.06521739130434782,0.3552203182253956,-0.03248656570591107,0.0,0
1584001,0.06521739130434782,0.24690905851305536,0.14593865857768792,6.837249765245801e-05,0
1586001,0.010869565217391304,0.10368904363227666,-0.001433349259436212,0.0,0
1634005,4.119565217391305,24.31355069990911,-0.003744548069553878,0.0,0
1670005,236.5,492.47234528404255,0.11626043034116629,0.23849657089289567,2
1670011,157.97826086956522,303.4263745042634,0.20066918867463207,0.17092686982729077,2
1670018,58.82608695652174,138.11216367233303,0.1500016909741453,0.013128959405992346,0
1670019,72.17391304347827,186.79438874681648,0.13070761906328668,0.2231917374811736,2
1670023,23.26086956521739,85.08740641057665,0.2353127431869317,0.36954828039688326,2
1670024,24.043478260869566,70.93780390373183,0.07518724305319283,5.3207850014835856e-08,0
1670025,35.78260869565217,103.95712181377185,-0.005921562832323852,1.2212453270876722e-15,0
1670026,25.73913043478261,92.847334906522,-0.08038412627297738,1.3119383357462766e-10,0
1670028,56.44565217391305,165.3455777751315,0.13562678349032567,0.18754997952350583,2
1670032,5.434782608695652,48.60338696997096,-0.002431113549511724,0.0,0
1670034,24.934782608695652,138.06880801503235,-0.004254156281337612,0.0,0
1670035,168.45652173913044,241.2909759318872,0.411009892203059,0.18819962230293963,2
1670037,0.010869565217391304,0.10368904363227666,-0.0124223602484472,0.0,0
1674004,8.054347826086957,31.051977508419082,-0.017855120240185797,0.010963636506792773,0
1674006,26.347826086956523,56.71370411465413,0.1751910534028601,0.30784617458660546,2
1674012,1.6304347826086956,15.5533565448415,-0.012422360248447221,0.0,0
1674015,8.869565217391305,33.62071611350474,0.12717367582249972,0.0,0
1676004,61.108695652173914,96.07463771121988,0.24965790911310085,0.23060121314323379,2
1676006,61.32608695652174,171.69222391900368,0.36299955484697943,0.04827756780299319,2
1676009,37.90217391304348,59.021561974271734,0.2709464638613905,0.36106997360926285,2
1677004,20.684782608695652,42.55889253315215,0.038059446359040634,0.31955379025571784,2
1679002,9.130434782608695,30.48171846665685,-0.05656453073531902,0.0,0
1683003,5.641304347826087,27.578181956717295,-0.005457845208322722,0.0,0
300000010,3.9130434782608696,22.687217323146417,-0.003880255320800116,0.0,0
300000024,0.9782608695652174,9.332013926904903,-0.001433349259436242,0.0,0
300000025,117.1086956521739,201.52588875236134,0.2693790434943486,0.35059204442360303,2
300000026,120.69565217391305,207.56422469298693,0.19071629987320585,0.28098454492939706,2
300000027,1.6304347826086956,15.5533565448415,-0.012422360248447221,0.0,0
300000030,2.1739130434782608,20.73780872645533,-0.0014333492594362177,0.0,0
300000040,159.1304347826087,232.24673992148695,0.30482167503672386,0.40460949637954025,2
300000042,11.869565217391305,39.528805509759025,-0.05676113936585841,0.000550933678755583,0
300000063,8.478260869565217,31.81962692812394,0.13951981051631068,0.0,0
300000070,50.17391304347826,256.8417550663396,0.018536941463378063,0.0034355483669763487,0
300000071,11.48913043478261,55.492947958789316,-0.00442216960133348,0.05951998049272267,0
300000072,8.967391304347826,63.43251310867056,-0.02259196042410172,0.0,0
300000075,1147.0,2114.766371102923,0.3690375552904557,0.03245398125710153,2
300000076,2401.304347826087,4441.444909669968,0.3325480199025378,0.3244863493975948,1
300000077,5.043478260869565,24.35378420888642,-0.01945836599363068,0.0,0
300000078,7.663043478260869,29.63960231716763,0.1477533179131569,0.0,0
300000110,14.782608695652174,65.06649209227977,-0.05834892876833592,0.0,0
300000111,3.260869565217391,17.943673685475137,-0.004307621618517012,0.0,0
300000112,4.5,21.298346537170236,-0.02781971102005605,0.0,0
300000113,0.8152173913043478,7.77667827242075,-0.012422360248447215,0.0,0
300000120,66.6304347826087,198.4056405552997,0.0038737351296915037,0.1130767457370816,0
300000121,19.52173913043478,96.68353556396944,-0.021616310463985898,0.0,0
300000122,45.30434782608695,146.32109859531494,-0.07780284755629552,0.1177326068595842,0
300000123,7.380434782608695,59.24045371477758,0.0047013207217812365,2.305414710612741e-05,0
300000124,3.5217391304347827,27.490503601785328,0.17217586520412317,0.0021152434705171697,0
300000130,38.97826086956522,108.09788018885129,0.2281413424136215,4.1974361486563083e-07,0
300000131,203.6413043478261,279.8562745069465,0.40391493423760627,0.18068223795673855,2
300000132,6.260869565217392,59.72488913219136,-0.0014333492594362503,0.0,0
300000162,15.673913043478262,50.41611817310624,0.31337857443443173,8.292592143155364e-05,0
300000170,28.608695652173914,47.58561084160045,0.21670386608029613,0.270176328330742,2
300000171,36.26086956521739,57.95816886664287,0.26746580135387715,0.25935539694777154,2
300000200,34.42391304347826,56.0789881009565,0.08645448879662428,0.33738449955850947,2
300000210,32.01086956521739,100.76419897411992,-0.08941140544614756,1.9411531382296232e-08,0
300000211,42.57608695652174,128.0164080597256,0.011748740315094765,0.0008132109635394791,0
300000213,9.782608695652174,44.803878444053154,0.21970169650330804,0.0,0
300000214,19.467391304347824,68.31726675352995,0.04909745115822898,0.0,0
300000222,167.80434782608697,265.0648501097516,0.17110359809152614,0.19262524868596143,2
300000225,11.804347826086957,35.853639415787036,0.14736992760243295,0.21091613350055793,2
300000238,3.891304347826087,37.015994346081165,-0.0014723373291930233,0.0,0
300000239,3.0652173913043477,20.56263197278969,-0.0028984016973943485,0.0,0
300000240,0.08695652173913043,0.8295123490582132,-0.0014333492594362654,0.0,0
300000260,2.608695652173913,24.885370471746413,-0.012422360248447206,0.0,0
300000261,2.608695652173913,24.885370471746413,-0.012422360248447206,0.0,0
300000262,2.608695652173913,24.885370471746413,-0.012422360248447206,0.0,0
300000272,4378.304347826087,5848.9745287364,0.507760317931434,0.14831104164941022,1
300000273,4986.75,6629.140321707733,0.5552961725511713,0.2964056467825267,1
300000274,1290.9021739130435,1745.957785359126,0.48624966200412534,0.28038070109060087,2
300000275,1826.3804347826087,2436.5571212818663,0.5355157298042957,0.12757442679764563,1
300000281,0.010869565217391304,0.10368904363227666,-0.001433349259436212,0.0,0
300000300,2.597826086956522,12.588866529258835,-0.027648253329907474,0.0,0
300000301,2.4456521739130435,13.821347800032088,-0.011041831229727225,0.0,0
300000302,0.021739130434782608,0.2073780872645533,-0.0014333492594362654,0.0,0
300000304,20.108695652173914,88.79011114661988,-0.03302855709382581,0.0,0
300000305,20.641304347826086,81.54187794727468,-0.042067658185226744,4.18332434662938e-05,0
300000306,3.9130434782608696,18.379840192989953,0.29295870458109724,0.0,0
300000307,5.0,20.447174780926073,0.20408693843594017,9.162944687113317e-05,0
300000308,4.336956521739131,28.872763295231326,-0.014196114177100207,0.0,0
300000310,0.9782608695652174,9.332013926904903,-0.001433349259436242,0.0,0
300000321,227.7391304347826,477.7260646192912,0.2433667129382571,0.11904033985057927,2
300000322,251.1304347826087,517.7512668174895,0.32943089501806466,0.3991025009274033,2
300000331,102.43478260869566,111.5595283038949,0.15995890394227416,0.29239336848586905,2
300000332,62.09782608695652,64.18655889748405,0.2951011360251708,0.18779130321121973,2
300000333,2.9239130434782608,12.629532071310665,-0.006991136856568987,0.0,0
300000341,36.52173913043478,184.4759603910298,-0.009778297724145147,0.0,0
300000380,3.130434782608696,16.49124760705057,-0.018212410120725508,0.0,0
300000398,716.7065217391304,1033.6851187571947,0.27116041749044006,0.27524522019363074,2
300000399,1686.9239130434783,2322.22008297577,0.34652191670409876,0.32292702201002565,2
300000401,34.20652173913044,50.22331392704732,0.23291932142670185,0.10037763701441138,2
300000402,138.25,200.33019617621304,0.30841705518685025,0.22054390854179085,2
300000403,81.66304347826087,94.64731755930552,0.2274041204413518,0.11222977011532831,2
300000404,120.28260869565217,135.45866737535752,0.31769935600376914,0.09356355840078412,2
300000412,613.6086956521739,695.0437733559717,0.30579301039424195,0.12446289316491643,2
300000413,2381.7608695652175,2465.3600335428787,0.3791705489322573,0.12398190110068708,1
300000421,1887.2826086956522,3181.863387354099,0.2906805490401609,0.3019296881706872,1
300000422,1223.5434782608695,2077.987851018193,0.2563099989643941,0.27982495569144994,2
300000423,160.34782608695653,323.7638845363341,0.10547969807024536,0.08899190006619817,0
300000424,63.19565217391305,121.35299203871567,0.2101854624326329,0.30815968125126425,2
300000431,86.6304347826087,202.3147417414211,0.13906682719772864,0.10121791540208436,0
300000432,82.1413043478261,191.80711447575678,-0.006355756906474023,0.09899016889643286,0
300000434,46.84782608695652,123.2714338698045,0.055310066438338794,5.6841198414758765e-12,0
300000435,10.434782608695652,31.76691755647213,0.005595296139599957,0.18588825331504255,0
300000436,11.282608695652174,38.70550070079258,0.33383678758470053,4.927461126991162e-05,0
300000437,26.91304347826087,78.43283642625501,0.17291102409503298,0.0,0
300000438,11.195652173913043,36.31032884864042,0.09467654883080541,0.14070739295079282,0
300000440,5.434782608695652,30.80136372892337,-0.01651415886079376,0.0,0
300000441,5.434782608695652,30.80136372892337,-0.01651415886079376,0.0,0
300000451,3.5217391304347827,23.86669421238726,-0.0028400320868940555,0.0,0
300000453,40.869565217391305,154.05597637330627,-0.012016212167362011,0.004619615943209254,0
300000454,0.6521739130434783,6.013453725512877,-0.013296104241457269,0.0,0
300000455,0.4782608695652174,3.7488498551282223,-0.018398360171585533,0.0,0
300000456,16.782608695652176,72.2856390342232,-0.018586268438683332,0.004535841238789806,0
300000458,62.65217391304348,227.2755670212689,-0.06028773283436116,0.01454197971551996,0
300000465,558.9673913043479,597.1423333912754,0.2816383985131763,0.2960721889939285,2
300000466,489.9347826086956,499.6341662601927,0.29588836948970487,0.30255875918185293,2
300000467,4.010869565217392,38.26125710031012,-0.001433349259436257,0.0,0
300000470,3.239130434782609,14.572434941128458,-0.043748751201628265,0.0,0
300000471,3.25,17.702017202665868,-0.026943122002827006,0.0,0
300000472,14.152173913043478,36.071467341150225,-0.04938895201620925,0.07127676391097026,0
300000473,3.25,31.003024046050733,-0.0014333492594361774,0.0,0
300000476,4.043478260869565,19.077025246340877,0.253593095619518,0.0,0
300000477,71.34782608695652,319.25597726121475,-0.034119551304657346,0.0020699364688283595,0
300000480,24.77173913043478,92.80883851051621,-0.04754677104000304,3.649826399476641e-05,0
300000482,78.94565217391305,329.58647885845346,-0.050427231162603614,0.005080112402989889,0
300000501,9.576086956521738,15.53133837261337,0.1291902357662742,0.09208486358793977,0
300000502,16.0,25.235413350221187,0.18237523042261225,0.28151617476709534,2
300000503,2.0543478260869565,4.625929120386855,-0.012120276660419775,0.1751383527624003,0
300000504,2.108695652173913,3.5184498863881193,0.0032158476974530497,0.049478129326050446,0
300000505,2.4130434782608696,5.790081800715704,-0.06430294980929727,0.014954428464166392,0
300000506,3.032608695652174,4.902198014015758,0.1766730386816149,0.06870070758125235,0
300000507,3.0543478260869565,6.276879816185993,0.17651919673269298,0.14159125599632938,2
300000508,5.0,8.681564675644092,0.11032593019901939,0.14037401751971756,0
300000509,7.217391304347826,12.468068856915812,0.23693509573761365,0.13357637166893888,2
300000510,6.739130434782608,10.14018004858737,0.27989657491843856,0.1572422531909674,2
300000511,0.9021739130434783,2.3822704853577035,0.033234824245002556,0.02247376516386279,0
300000512,1.2391304347826086,2.833685437182435,0.2508514737981488,0.1457780826748203,2
300000513,1.4456521739130435,3.2044945692315356,-0.048003921872694234,0.049576728666649306,0
300000514,1.391304347826087,3.3230307072438325,0.07586831851556891,0.18206460210636877,2
300000515,1.1956521739130435,1.7398096499753786,0.012636187760920464,0.08568626382415867,0
300000516,1.2391304347826086,2.6595585005352627,0.13454382249644875,0.22330033332752464,2
300000520,2.9565217391304346,28.203419867979274,-0.001433349259436198,0.0,0
300000527,11.728260869565217,63.880510612438435,0.3183495268105827,0.0,0
300000528,7.423913043478261,49.045062175702505,-0.015032000177624936,0.0,0
300000529,42.93478260869565,116.2163279282505,0.18088256817073017,0.31280493467671244,2
300000531,9.597826086956522,46.715387043012385,0.27646672560065527,0.0,0
300000532,70.20652173913044,158.99641355289847,0.10640149056659824,0.2284388421446253,2
300000534,55.51086956521739,147.01822532429347,0.0563898611622444,0.0,0
300000535,82.17391304347827,210.70449164109334,0.13440564801218302,0.042691834340639834,0
300000536,7.826086956521739,52.49898729782115,-0.01400966183574882,0.0,0
300000537,9.695652173913043,39.148751751557846,-0.054484031070100185,0.015111176910076018,0
300000538,6.086956521739131,39.862713365050766,-0.011368691100559656,0.0,0
300000539,17.945652173913043,55.10668785468602,-0.03951800155170694,0.00014168092424649004,0
300000540,1.0869565217391304,10.368904363227665,-0.01242236024844719,0.0,0
300000542,0.8695652173913043,6.016675001346977,-0.023612214780338266,0.0,0
300000543,1.5217391304347827,8.122002137069146,-0.039682564403182324,0.0,0
300000544,1.0978260869565217,4.770971513973391,0.03565073410849583,0.0,0
300000545,2.8043478260869565,10.576059028516678,-0.07948067321581075,0.0003132765887322586,0
300000546,0.8695652173913043,6.016675001346977,-0.023612214780338266,0.0,0
300000547,2.4130434782608696,9.143959961675158,-0.07872400398208114,0.01925276282833266,0
300000548,1.3043478260869565,6.598318511815328,-0.04417390549238334,0.0,0
300000549,5.641304347826087,16.992697614320104,0.06588595988197164,0.22122648116930588,2
300000551,1.173913043478261,11.19841671228589,-0.012422360248447204,0.0,0
300000552,1.3043478260869565,12.442685235873206,-0.012422360248447206,0.0,0
300000553,1.3043478260869565,12.442685235873206,-0.012422360248447206,0.0,0
300000554,1.3043478260869565,12.442685235873206,-0.012422360248447206,0.0,0
300000557,5.413043478260869,21.711123263109528,-0.07026902970801989,1.3357088157750496e-07,0
300000561,4.3478260869565215,20.393111999232307,-0.0513833992094862,0.0,0
300000562,1564.0978260869565,1195.9858682073948,0.03428743204510326,0.1944704880492889,2
300000563,45.67391304347826,154.7122229436522,-0.09505610005756535,7.531674854255321e-05,0
300000564,86.72826086956522,263.0040958211764,-0.11267235760360042,0.018196251250371498,0
300000565,2156.771739130435,1469.9175746135718,-0.032973883072340796,0.14347931341102194,2
300000566,43.17391304347826,165.27477836303083,-0.0765542602536978,1.9323810387494866e-05,0
300000567,163.0,510.01123176037913,-0.11392206702026651,0.013867588900464467,0
300000568,1333.7065217391305,1049.163005303083,0.1582195050717857,0.15539730834174847,2
300000569,2072.9891304347825,1425.6733305824398,0.23358598575710524,0.3664152644991483,2
300000570,2082.967391304348,1707.097284937511,0.215380013296888,0.14335951078361964,2
300000571,3224.2608695652175,2163.7777846886884,0.17321246664699866,0.30395721628545114,1
300000580,0.5434782608695652,5.184452181613833,-0.012422360248447211,0.0,0
300000583,2.1630434782608696,20.634119682823066,-0.012422360248447185,0.0,0
300000584,2.1739130434782608,20.73780872645533,-0.012422360248447211,0.0,0
300000600,1.0869565217391304,7.218111540804904,-0.025634371827746506,0.0,0
300000605,0.8369565217391305,5.864923688137373,-0.023021126767925157,0.0,0
300000607,0.21739130434782608,1.4583052027172543,-0.025120772946859913,0.0,0
300000609,0.21739130434782608,2.0737808726455342,-0.012422360248447221,0.0,0
300000610,3.760869565217391,14.068442611203485,0.23884187810273702,0.0,0
300000611,2.2282608695652173,9.146278954556095,0.10831631939065063,0.0,0
300000612,73.28260869565217,121.46598433189618,0.11758102578357968,0.0219138347267801,0
300000613,38.01086956521739,64.41939597283357,-0.017148110116911655,0.09262659837545661,0
300000614,10.423913043478262,36.58083178733512,0.06650589512932598,3.076157941706015e-07,0
300000615,13.065217391304348,35.27679504193942,0.09832516643316273,2.605450633019757e-09,0
300000616,4.021739130434782,22.11923138301657,-0.037370872893465606,0.0,0
300000617,5.554347826086956,23.703496408040177,-0.062070727272712324,0.009671618245375657,0
300000618,4.4021739130434785,22.86304203132811,-0.04190944158451404,0.0,0
300000619,4.913043478260869,28.56025368825074,-0.03345203984048728,0.0001319379952264832,0
300000620,27.652173913043477,63.9864854587362,0.17801695401426085,3.7569392041802985e-11,0
300000641,0.8043478260869565,5.678409013314845,-0.02268192729471783,0.0,0
300000642,1.7282608695652173,9.455965750772007,-0.037761768445662675,0.0,0
300000650,21.48913043478261,94.20739084885119,-0.016645871200247693,1.1657341758564144e-13,0
300000651,15.391304347826088,60.88405883347304,-0.07224190173577602,1.779799452261699e-08,0
300000652,4.728260869565218,25.80786165226367,-0.03794410621101256,0.0,0
300000653,8.804347826086957,32.580748893905316,-0.07949868117035692,0.0,0
300000654,5.956521739130435,26.004979892436925,-0.059308635115300205,0.0,0
300000655,15.652173913043478,29.89635530447639,0.003295472602266108,0.30404821611210386,2
300000656,30.597826086956523,60.9870014273549,0.07178080765360909,0.13623943313675113,0
300000660,35.15217391304348,119.02529277998461,0.09888993459561649,0.0,0
300000661,15.652173913043478,73.36203181936422,-0.05145790958396615,0.0,0
300000662,1.9565217391304348,10.958333183590053,-0.036035111133925365,0.0,0
300000663,2.8260869565217392,15.48674657475544,-0.03764403512529449,0.0,0
300000664,0.6956521739130435,6.532093230042994,-0.012821093163849372,0.0,0
300000665,14.543478260869565,44.80499124065994,0.028646416136582656,4.2164039295133904e-05,0
300000668,27.717391304347824,59.02179517973157,0.08474748363494101,0.018071175911197224,0
300000669,39.869565217391305,82.74321427468608,0.10715256659615041,0.07201509525482985,0
300000670,7.391304347826087,49.582376892386634,-0.02512077294685996,0.0,0
300000671,3.641304347826087,24.451629945554323,-0.025069394370738077,0.0,0
300000673,3.967391304347826,26.637033343985962,-0.02507747911914435,0.0,0
300000675,1.6304347826086956,15.5533565448415,-0.012422360248447232,0.0,0
300000676,1.6304347826086956,15.5533565448415,-0.012422360248447232,0.0,0
300000680,10.58695652173913,53.001671871479886,-0.041416557323429984,0.0,0
300000681,38.51086956521739,92.4972966191583,-0.08583891055857663,0.0,0
300000682,3.097826086956522,29.551377435198866,-0.012422360248447168,0.0,0
300000691,7.826086956521739,52.49898729782115,-0.025120772946859916,0.0,0
300000692,4.891304347826087,32.59049492057834,-0.02546319953938159,0.0,0
300000693,3.9347826086956523,37.32635283894061,-0.012561915977629071,0.0,0
300000694,37.91304347826087,82.35008146215884,0.13322222181486892,0.1964737948299523,2
300000695,1.6304347826086956,11.541717707388752,-0.02255856550660365,0.0,0
300000696,1.6304347826086956,8.880507955634886,-0.038104543234001,0.0,0
300000703,14.391304347826088,46.814146069449144,0.024851205781412842,0.0,0
300000704,17.91304347826087,51.07893554053991,0.08531640591966373,5.696332294746753e-12,0
300000707,2106.7391304347825,1659.9609206345872,0.40671010892999815,0.11021951958867449,2
300000708,8616.33695652174,7104.861878345937,0.6559965469187824,0.39027952922201514,1
300000709,37.858695652173914,90.38860325449595,-0.009777443195135696,0.05083063197098736,0
300000710,1395.0108695652175,1102.1605116134917,0.42481537405623526,0.227661422248982,2
300000711,6247.826086956522,4941.24521933291,0.6520400993735176,0.366770548195698,1
300000712,36.90217391304348,75.0527437413196,-0.03616192368065099,0.053412346237692976,0
300000713,6658.163043478261,6101.655086010206,0.5327503058664402,0.21047500254896656,1
300000714,5773.554347826087,5621.7778314494735,0.5906998537766298,0.18963829173795588,1
300000715,106.28260869565217,262.2476976351439,0.05698154115324935,3.599282213273547e-05,0
300000716,3999.9021739130435,3661.0031324873557,0.5844427836419079,0.09580689546399856,1
300000717,3129.717391304348,2923.0679063870066,0.640874241860526,0.2004270356938317,1
300000718,141.93478260869566,342.62937272078665,0.03800342279443946,0.008937733599745035,0
300000719,4493.989130434783,4880.974848047586,0.5345823514220623,0.19823737230959093,1
300000720,3247.1739130434785,3546.159850760476,0.6395147102161779,0.27030165545166707,1
300000727,860.2391304347826,824.020714829918,0.41324924920254685,0.20000854753407382,2
300000728,2754.2608695652175,2662.3331336547208,0.4794333118422637,0.23930717176959926,1
300000729,5.434782608695652,51.84452181613837,-0.012422360248447225,0.0,0
300000730,2.608695652173913,24.885370471746413,-0.012422360248447213,0.0,0
300000731,2.608695652173913,24.885370471746413,-0.012422360248447213,0.0,0
300000747,2.989130434782609,28.51448699887608,-0.012422360248447225,0.0,0
300000749,1.8369565217391304,17.523448373854766,-0.012422360248447213,0.0,0
300000751,1.391304347826087,13.272197584931416,-0.01242236024844721,0.0,0
300000752,1.0978260869565217,6.086442136650748,-0.036777788393418845,0.0,0
300000753,433.29347826086956,361.7849630964288,0.24806146588848516,0.06061333439833527,2
300000755,1194.0434782608695,989.8826556833312,0.29122373117854883,0.3607500112363866,2
300000759,12.76086956521739,52.00906475447487,-0.02969338016270633,0.00011608690980491332,0
300000760,4.554347826086956,18.76187399699233,-0.06661092633556984,1.1696856179188586e-05,0
300000763,47.67391304347826,87.05347041201199,0.26309306369245533,0.13918271589275222,2
300000764,45.32608695652174,86.55974422022457,0.12954215518016973,0.16326947866396802,2
300000770,94.29347826086956,202.25497994855075,-0.15422844504475963,0.008413732035507882,0
300000771,100.33695652173913,199.61235678695243,-0.17875942440994494,0.01741814967789812,0
300000811,11.73913043478261,58.171573359072404,-0.04603580562659846,0.0,0
300000813,7.684782608695652,33.54034862404245,0.06866156946080554,0.0,0
300000814,5.445652173913044,23.54983805466093,0.09615061555697037,0.0,0
300000815,630.5,610.1617836065391,0.08530300445579375,0.19303495780746782,2
300000816,617.8586956521739,555.9085313704697,0.21468797809709952,0.1513116644182645,2
300000817,805.0326086956521,742.0004900251363,0.22744813319281604,0.15668345919686244,2
300000818,371.1304347826087,395.22737587234695,0.11436174093097347,0.11622967477719082,0
300000819,343.82608695652175,401.9205147650912,-0.012141537318796207,0.06701737873717806,0
300000820,249.15217391304347,319.92848843556493,0.08548376884121286,0.1386621332906215,0
300000840,9.673913043478262,32.02482348851746,0.0642176093020026,0.0,0
300000841,18.304347826086957,48.45206935286325,0.02955784744094223,5.662137425588298e-15,0
300000847,52.15217391304348,152.79198240280297,-0.057205373755284096,0.0,0
300000848,15.217391304347826,46.47295288354771,-0.07087812767576826,0.0,0
300000849,10.728260869565217,44.44760062504219,-0.06585784550881638,7.704947790898586e-14,0
300000850,5.4021739130434785,22.535990433955178,-0.06495750500739687,0.0,0
300000853,9.326086956521738,51.868166641737474,-0.036546234622352784,0.0,0
300000855,15.41304347826087,97.45468871022476,-0.026792685432682484,2.515273545000696e-10,0
300000856,1.3695652173913044,13.064819497666868,-0.012422360248447216,0.0,0
300000860,2.347826086956522,14.831249897934146,-0.02832838749838397,0.0,0
300000863,2.1847826086956523,14.58180026148296,-0.02537696507465663,0.0,0
300000864,2.119565217391304,12.384985994010394,-0.0331091506874088,0.0,0
300000870,28.902173913043477,45.095324105096175,0.2377185834693713,0.37309888262240953,2
300000872,2.1739130434782608,14.583052027172542,-0.025120772946859927,0.0,0
300000873,3.8043478260869565,18.048388540877973,0.04987912630315723,0.0,0
300000875,2.1739130434782608,14.509074143934123,-0.025377594200165617,0.0,0
300000877,3.260869565217391,16.158770377520113,-0.04603580562659845,0.0,0
300000878,1.6304347826086956,8.880507955634886,-0.038104543234000955,0.0,0
300000879,39.79347826086956,60.27428935679721,0.03655530237955334,0.28585517730164633,2
300000880,19.815217391304348,33.92572749142318,-0.0514571964261385,0.28166583854628735,2
300000881,28.01086956521739,44.09660702840718,0.08092456168056922,0.33660313431082534,2
300000882,12.271739130434783,25.439229915910502,0.18763188750023865,0.26330697228176014,2
300000884,2969.2934782608695,4385.930258119467,0.28916147130863784,0.016889958340975952,1
300000885,3123.271739130435,4542.200642437302,0.3297836795116847,0.07999907190933464,1
300000886,502.64130434782606,887.6561538255595,0.13688169250579224,0.015516401959882575,0
300000887,626.6630434782609,1110.664159676874,0.18395083106120272,0.0026760076283262046,0
300000889,37.33695652173913,95.7361951875993,-0.10919991573985642,1.2212453270876722e-15,0
300000890,103.01086956521739,138.51388994588055,0.08966229731822738,0.3429972667961304,2
300000902,0.33695652173913043,3.214360352600577,-0.012422360248447216,0.0,0
300000903,0.7391304347826086,7.050854966994817,-0.012422360248447211,0.0,0
300000904,0.7391304347826086,7.050854966994817,-0.012422360248447211,0.0,0
300000906,1.1956521739130435,11.405794799550433,-0.012422360248447208,0.0,0
300000907,1.1956521739130435,11.405794799550433,-0.012422360248447208,0.0,0
300000911,19.934782608695652,41.251298885433286,0.17132062446367352,0.20710273205355756,2
300000927,0.391304347826087,3.7328055707619603,-0.012422360248447225,0.0,0
300000930,0.391304347826087,3.7328055707619603,-0.012422360248447225,0.0,0
300000931,0.391304347826087,3.7328055707619603,-0.012422360248447225,0.0,0
300000932,0.391304347826087,3.7328055707619603,-0.012422360248447225,0.0,0
300000933,0.21739130434782608,2.0737808726455342,-0.012422360248447187,0.0,0
300000934,0.21739130434782608,2.0737808726455342,-0.012422360248447187,0.0,0
300000935,0.10869565217391304,1.0368904363227671,-0.012422360248447187,0.0,0
300000936,0.10869565217391304,1.0368904363227671,-0.012422360248447187,0.0,0
300000937,3.9130434782608696,26.249907732307012,-0.025119980409755032,0.0,0
300000940,43.67391304347826,77.152602691545,-0.05901313391985996,0.3039495015915058,2
300000941,93.3913043478261,126.10407679871099,0.10045365619879315,0.31085893495885697,2
300000942,77.69565217391305,96.25517932201778,0.12507055313627796,0.3714387139613572,2
300000951,69.3804347826087,99.83604411312974,0.04152262698178181,0.3907519642957107,2
300000955,1.358695652173913,12.961130454034592,-0.012422360248447258,0.0,0
300000956,0.5869565217391305,5.599208356142944,-0.012422360248447237,0.0,0
300000957,0.5869565217391305,5.599208356142944,-0.012422360248447237,0.0,0
300000960,9.75,48.098093833693476,-0.046451421933161936,0.0,0
300000973,40.19565217391305,111.03047360095756,0.27709115213247,0.02461959589052054,0
300000976,49.42391304347826,93.25831746280028,0.1581233758751726,0.1276840051830821,2
300000977,62.05434782608695,114.20941521860038,0.06421277196353384,0.16686929147012286,0
300000978,59.95652173913044,109.87264495606189,0.09358424330348421,0.07593370600821325,0
300001000,321.1630434782609,491.0821961920674,0.21114417459795137,0.01554215381030366,0
300001001,1089.8695652173913,1266.2595741291452,0.5172865076886823,0.18160240645463255,2
300001002,51.72826086956522,109.77903728585986,-0.05762686982917542,0.0022324489604294007,0
300001003,143.1195652173913,202.98778301165044,0.23878554157929022,0.034401010175100444,0
300001008,506.0108695652174,872.1722568013881,0.26352960264255504,0.003786100822378291,0
300001009,606.8152173913044,1081.116179749548,0.1801498309242241,6.090531845526215e-08,0
300001010,335.6521739130435,593.0097043487534,0.2627553502905905,0.031562397008808474,0
300001039,106.18478260869566,191.74518469934918,0.04852892976161259,0.30513269208609084,2
300001040,76.44565217391305,167.91770526649643,0.14566837469393892,0.34177507923375106,2
300001041,13.804347826086957,131.5802977793602,-0.01244215391182867,0.0,0
300001044,2.347826086956522,22.29224606011106,-0.012539196359174174,0.0,0
300001048,182.29347826086956,223.18103092817407,0.30788012306471674,0.25772160616588236,2
300001049,554.5978260869565,635.4632521065894,0.46680023942411647,0.21759610419240405,2
300001050,37.0,61.68996817889472,0.2397577973266309,0.1527825429102433,2
300001055,30.75,54.39002166318505,0.18786105663462377,0.14887952689205286,2
300001056,66.98913043478261,87.75986189661775,0.3301260937935385,0.34704740571724324,2
300001057,34.42391304347826,48.53959246699548,0.27241107651717394,0.359343899431386,2
300001058,55.630434782608695,76.27563252574356,0.458656830043519,0.20929057543979235,2
300001061,8.054347826086957,35.03053454718648,-0.05976029659941862,1.759010492818902e-09,0
300001062,20.92391304347826,44.09161255535534,0.10256040745634469,0.13379139361751813,0
300001064,160.45652173913044,214.25053462687484,0.2013192234893525,0.14659622701920372,2
300001065,88.19565217391305,133.3958834455803,0.046188768318390985,0.199819132193793,2
300001067,63.17391304347826,101.7456984130418,0.16421105738657066,0.17434478189446734,2
300001068,29.608695652173914,72.87809304670893,0.0322337183061807,0.03867662489499546,0
300001070,233.2173913043478,1008.9944609888787,-0.06039344644885729,0.0,0
300001071,141.91304347826087,678.768060087601,-0.04941369655029568,0.0,0
300001072,36.94565217391305,165.47831620266848,-0.05634949134567861,0.0,0
300001073,22.402173913043477,89.37878113407695,-0.07101612725810105,0.0,0
300001074,48.53260869565217,120.2344133518531,0.25736565885542306,0.0,0
300001075,21.51086956521739,82.34610079800477,-0.057383563172039215,0.0,0
300001077,9.782608695652174,55.372027565125045,-0.029041192708616007,0.0,0
300001078,85.78260869565217,184.72310806735652,-0.019538089889219193,0.1260673228921183,0
300001079,58.66304347826087,161.58584185005012,0.12911020457215297,0.0,0
300001080,74.1413043478261,179.54759460581323,0.25979215421347873,0.3269158667175218,2
300001081,56.67391304347826,175.4815182077992,-0.10710704219339831,3.420049576874362e-09,0
300001082,44.71739130434783,113.72099019348191,-0.044775968547896464,4.634424576321905e-07,0
300001083,34.71739130434783,97.70734097370182,-0.10539024551261932,0.004401738859931448,0
300001084,67.79347826086956,148.14296400286406,0.010247057569224985,0.2679801104940377,2
300001085,22.097826086956523,80.11568534782914,-0.0703972294052101,2.1305179842556754e-11,0
300001086,17.57608695652174,55.640975223467514,-0.08046250115314532,0.07730014279366881,0
300001087,23.33695652173913,65.11549558016344,0.07231759754795247,0.0,0
300001088,7.043478260869565,35.57231246332825,-0.032340038086533296,0.0,0
300001090,3.9782608695652173,21.66843941174913,-0.038104543234001004,0.0,0
300001093,127.26086956521739,365.79534755775126,-0.09994677849497348,4.954547883073701e-11,0
300001094,124.65217391304348,360.91539520402023,-0.09695406805906695,4.666357899640872e-06,0
300001095,18.08695652173913,67.1079034051347,0.05972099580448334,0.12032530039201317,0
300001096,38.608695652173914,135.03678697832348,0.0954194191732573,0.1423451693845944,0
300001097,48.130434782608695,247.52370186866446,-0.01421411072343603,0.0,0
300001098,72.56521739130434,165.3818575000599,0.07665997131349374,0.04505238377030918,0
300001099,55.65217391304348,143.59926386381866,0.03546225874263165,0.03574679903946287,0
300001101,33.358695652173914,97.53946598370136,0.1380056369152107,0.1663704929954145,2
300001102,16.76086956521739,64.31112716711414,0.20545527312649642,0.0,0
300001110,206.5326086956522,378.33012531290933,-0.011937558527087307,0.07966628677948695,0
300001111,287.0978260869565,509.6265056025495,0.06222904096284548,0.2140071489235934,2
300001112,23.108695652173914,61.53091420291513,-0.06497284779884549,2.232579008054625e-05,0
300001113,20.01086956521739,64.08477648790489,-0.021137330192717674,0.06888431255049554,0
300001116,7.923913043478261,33.069174433776986,-0.06490500802825375,0.0,0
300001117,3.608695652173913,24.629849565172428,-0.024267358510070853,0.0,0
300001131,20.152173913043477,85.7681321661729,0.017481821600486655,4.032108913787358e-05,0
300001132,150.04347826086956,238.4513856680899,0.11444882462473138,0.34072288146330243,2
300001133,327.0652173913044,466.4077755977018,0.25584677781770665,0.46645298413114755,2
300001134,5.358695652173913,29.43215541226501,-0.037473094621865655,0.0,0
300001135,5.369565217391305,29.501922336520618,-0.037447525424853995,0.0,0
300001136,18.57608695652174,53.676614958319995,0.05895554748572761,0.0,0
300001137,8.630434782608695,36.15808208147889,0.12016502758126543,0.0,0
300001138,140.2608695652174,226.48706026793025,0.33579843160074,0.43256305283920105,2
300001142,3.717391304347826,18.006234480069082,-0.04818105072342306,0.0,0
300001143,2.0652173913043477,12.359474756521367,-0.03156290945863658,0.0,0
300001150,711.4239130434783,1350.07026575347,0.19871011333875843,0.0007740637722208898,0
300001151,174.1304347826087,320.99042439297915,0.17301865364526772,0.06738073545438505,0
300001152,555.5652173913044,1016.1929411154059,0.251519711045243,8.679233148845e-07,0
300001153,165.2608695652174,299.6127525862131,0.22687771739147605,0.021194486548736347,0
300001154,38.77173913043478,130.07799527013464,-0.09863178496288544,0.0001902822772873458,0
300001155,55.32608695652174,182.16572177288438,-0.09936699851364625,1.2568394541778716e-06,0
300001170,18.532608695652176,64.76335703879036,-0.08712302525373641,8.737424561644502e-09,0
300001171,1141.5978260869565,1430.7992526205842,0.5925259013865747,0.18255955991579365,2
300001172,9.945652173913043,27.98150170412852,-0.12232305950142003,0.11143467362252368,0
300001173,1036.6739130434783,1271.6913772156702,0.6094351849873686,0.36161249860342415,2
300001180,58.91304347826087,437.5545097017084,-0.02049293213026952,0.0,0
300001181,15.130434782608695,110.9544772879659,-0.02102125615021344,0.0,0
300001182,14.184782608695652,107.51894972998805,-0.019675276927668163,0.0,0
300001183,14.217391304347826,108.41935753751208,-0.019438900032599946,0.0,0
300001184,9.880434782608695,51.990768911268056,-0.04082678134398997,0.0,0
300001185,18.26086956521739,122.49763702824934,-0.02512077294685989,0.0,0
300001186,10.826086956521738,50.823994824349285,-0.03142971502879304,7.857942245781402e-07,0
300001187,68.81521739130434,166.56157820352325,0.06195060775619544,0.00027177846534598427,0
300001188,19.815217391304348,71.79498731258062,-0.05042568546974024,0.00031348994920210593,0
300001189,2.347826086956522,21.473661714947816,-0.013513415963444476,0.0,0
300001190,15.728260869565217,51.771887465670346,-0.07958453345515415,4.902278583074349e-11,0
300001191,7.4021739130434785,35.919614292559935,-0.04189526980416679,0.0,0
300001192,13.673913043478262,64.61308063415579,-0.037847123752228984,1.5325149282374717e-05,0
300001193,2.9782608695652173,28.410797955243815,-0.01242236024844723,0.0,0
300001194,1.8369565217391304,17.523448373854762,-0.012422360248447225,0.0,0
300001196,0.6521739130434783,6.221342617936603,-0.012422360248447218,0.0,0
300001197,0.6521739130434783,6.221342617936603,-0.012422360248447218,0.0,0
300001198,2.9347826086956523,19.539705589336766,-0.01422184720059744,0.0,0
300001199,3.9347826086956523,18.53891579531512,-0.04009712453203016,0.0,0
300001200,2.880434782608696,19.354160540972753,-0.0145908050398428,0.0,0
300001201,4.0,18.931225643043454,-0.04015528327065386,0.0,0
300001202,1.0869565217391304,10.368904363227667,-0.012422360248447206,0.0,0
300001203,1.076086956521739,10.26521531959539,-0.012422360248447215,0.0,0
300001204,0.6413043478260869,4.942234844197357,-0.019033871104440256,0.0,0
300001205,0.7065217391304348,6.739787836097987,-0.012422360248447176,0.0,0
300001206,0.6956521739130435,6.636098792465708,-0.01242236024844721,0.0,0
300001207,77.94565217391305,158.61892837116935,0.023146872803937412,6.583195123477381e-07,0
300001209,17.97826086956522,71.3011034521708,0.0062967573329348455,3.35833183484624e-09,0
300001210,3.858695652173913,24.072617278694537,-0.029045572495711023,0.0,0
300001211,9.956521739130435,48.08527593572428,-0.048465933206733466,0.0,0
300001212,9.945652173913043,31.791222513808666,0.2301118965561083,0.0,0
300001213,1.684782608695652,11.355834880021206,-0.02488256318484058,0.0,0
300001215,1.576086956521739,10.575025640478911,-0.02510978554961583,0.0,0
300001216,1.608695652173913,10.792465690933703,-0.025116084448018102,0.0,0
300001217,21.206521739130434,75.65102057466679,-0.03072899065422532,0.0001179603441294752,0
300001218,16.217391304347824,44.31969482878291,0.0006950752424232614,4.072617962569414e-05,0
300001219,12.695652173913043,34.0953710776477,0.032429548117643814,2.9765079290200447e-13,0
300001220,5.076086956521739,13.788963526054935,0.004645856070751063,0.003448873768102767,0
300001221,3.6956521739130435,10.332240729276135,-0.09147460852165752,2.04972435580153e-07,0
300001222,49.43478260869565,213.85358178516452,-0.02755456424406134,3.2099118024708773e-06,0
300001223,40.94565217391305,130.16155213813892,-0.048585003804495736,4.544423453767266e-06,0
300001224,17.369565217391305,47.03646073995575,-0.04567568969942612,0.0006838371975108615,0
300001225,4.826086956521739,12.403197953378776,-0.0010086747093515601,0.0025448876096937356,0
300001226,3.3369565217391304,12.062587845062467,-0.021295173552702492,3.7398717414593996e-05,0
300001231,541.7391304347826,669.9235821047901,0.6166395729016799,0.3239005665958664,2
300001232,671.8478260869565,800.1309259003996,0.5160007683158835,0.4726766336817738,2
300001240,3.630434782608696,20.415103845642214,-0.035748646559497076,0.0,0
300001241,2.260869565217391,15.177836791803998,-0.02508284359756706,0.0,0
300001248,2.010869565217391,9.829519167789606,-0.04730954445935507,0.0,0
300001249,4.891304347826087,16.18873502707786,-0.059986837765264575,0.19593086468507437,0
300001250,2.630434782608696,15.1145750212116,-0.019845212674723334,0.0,0
300001251,3.5434782608695654,11.984059197877116,-0.0736225398217491,0.2446179857924763,0
300001252,3.2934782608695654,11.020275822593968,-0.07325654446541402,0.2823678904782294,2
300001260,13.695652173913043,51.91898771590443,-0.07778983760396771,0.0,0
300001261,6.510869565217392,39.91607896717088,-0.030076531838121257,0.0,0
300001280,21.0,55.264384316782575,-0.012178716074339239,0.07823040797864822,0
300001281,1.6195652173913044,15.449667501209225,-0.0124223602484472,0.0,0
300001291,22.51086956521739,53.232773201497935,0.10155713469393343,0.0016196530892146344,0
300001302,99.8586956521739,158.00416763365143,0.5175452172867333,0.14395010325408564,2
300001303,18.22826086956522,26.475215342093215,0.47046014361023103,0.4201805560166917,2
300001304,0.11956521739130435,1.0409275890986327,-0.013715255555081464,0.0,0
300001310,9.369565217391305,29.078872276180903,0.09582752559751384,0.0,0
300001312,9.967391304347826,29.432476548931497,0.10502601583403376,0.17370468977067632,2
300001313,9.434782608695652,29.690177100466897,0.054883172866824766,0.10687324172878687,0
300001314,18.347826086956523,44.048499649375785,-0.0031896319731012004,0.08594683350227095,0
300001315,170.06521739130434,381.7821711152506,0.09965774333618481,0.10071203418137387,0
300001321,22.608695652173914,90.31165321814416,0.0044850771069222806,0.003517435728299434,0
300001324,40.02173913043478,97.14690559426298,0.03109580591915027,0.04389263142999855,0
300001326,43.119565217391305,85.49851796214955,0.2783077453057145,0.4452809565125109,2
300001327,8.554347826086957,45.57897210872262,-0.035343199274862645,0.0,0
300001330,955.195652173913,1569.938120070553,0.5340650131095931,0.005689490500633054,2
300001331,28.23913043478261,97.07889771650969,-0.09523776674669249,0.0,0
300001332,1.2173913043478262,11.613172886814992,-0.012422360248447176,0.0,0
300001337,8.608695652173912,57.74888602760327,0.4859903381642513,0.0,2
300001349,0.021739130434782608,0.2073780872645534,-0.0014333492594362054,0.0,0
300001352,0.010869565217391304,0.10368904363227668,-0.012422360248447189,0.0,0
300001354,0.010869565217391304,0.10368904363227668,-0.012422360248447199,0.0,0
300001360,2.1739130434782608,20.737808726455334,-0.012422360248447199,0.0,0
300001361,1.0869565217391304,10.368904363227667,-0.012422360248447199,0.0,0
300001370,34.47826086956522,81.99608663260936,0.08982072555820454,0.0014042201615623862,0
300001380,4.532608695652174,17.889425518127183,-0.057415909980903915,1.4266809955643112e-11,0
300001381,3.880434782608696,17.28397246465031,-0.030153376611458275,0.0,0
300001382,2.532608695652174,12.143571467130899,-0.034421345035707485,0.0,0
300001390,9.021739130434783,22.825890268303727,0.0010484258370143274,0.002610560424574082,0
300001391,11.206521739130435,27.374431915280176,-0.044109515538792936,7.633566549425375e-06,0
300001392,5.5978260869565215,13.386446570910486,-0.007151975157883946,2.973315984533542e-07,0
300001393,8.25,20.823599175183325,-0.07357761024734757,0.00013594906117375682,0
300001401,4.336956521739131,41.37192840927841,-0.012422360248447204,0.0,0
300001411,1.0869565217391304,10.368904363227667,-0.01242236024844718,0.0,0
300001412,1.0869565217391304,10.368904363227667,-0.01242236024844718,0.0,0
300001413,4.782608695652174,45.62317919820173,-0.012422360248447183,0.0,0
300001414,4.032608695652174,21.50149190322086,-0.039763123002484614,0.0,0
300001415,15.978260869565217,127.2370244739141,-0.017826969366660825,0.0,0
300001416,2.2065217391304346,14.823994975448963,-0.02504559853703186,0.0,0
300001430,0.532608695652174,4.97701474816005,-0.012945658965479561,0.0,0
300001431,0.5434782608695652,5.080681748755387,-0.012934983598440784,0.0,0
300001432,0.5434782608695652,4.052409491192866,-0.02033214593601067,0.0,0
300001433,1.0869565217391304,10.368904363227667,-0.012422360248447213,0.0,0
300001434,0.6847826086956522,6.532409748833433,-0.012422360248447223,0.0,0
300001435,1.0869565217391304,10.368904363227667,-0.012422360248447213,0.0,0
300001436,1.0869565217391304,10.368904363227667,-0.012422360248447213,0.0,0
300001437,0.5434782608695652,5.184452181613834,-0.012422360248447213,0.0,0
300001438,1.0869565217391304,10.05922913235602,-0.013198982581810346,0.0,0
300001439,0.6739130434782609,6.428720705201155,-0.0124223602484472,0.0,0
300001440,0.5434782608695652,5.184452181613834,-0.012422360248447213,0.0,0
300001441,0.5434782608695652,5.184452181613834,-0.012422360248447213,0.0,0
300001444,75.1086956521739,174.72975758369037,0.0872148617365773,0.0023654527802297043,0
300001445,9.695652173913043,19.134386943539738,0.304407314620261,0.0769957544669907,2
300001447,69.23913043478261,157.29371373914645,0.1126787838971127,0.002239846400735157,0
300001448,10.347826086956522,19.286419406799478,0.3233770502307926,0.01712929602227642,0
300001450,6.239130434782608,31.353305617700027,-0.044763802453207914,0.0,0
300001451,4.543478260869565,34.45615141756834,-0.019655716803963774,0.0,0
300001452,4.4021739130434785,41.99406267107206,-0.01242236024844723,0.0,0
300001455,5.6521739130434785,24.560234200221995,-0.04041689032307556,0.0,0
300001456,486.2173913043478,704.3414566271316,0.5396109025006828,0.016616028979356767,2
300001457,52.65217391304348,76.44171334260086,0.5060277100368857,0.10779419415682134,2
300001458,27.17391304347826,45.690263613114745,0.435882921113079,0.2593269925311784,2
300001460,15.326086956521738,63.517219283889126,0.08946947085329682,0.02509124355132908,0
300001462,17.282608695652176,60.93980031768996,0.11668509009384821,0.2810983671700613,2
300001463,16.108695652173914,63.72451861106305,0.08666376254429904,1.4458545471995876e-11,0
300001472,45.76086956521739,79.00115155534091,0.3589824552759393,0.35437101146734096,2
300001473,12.206521739130435,41.399049044811946,0.03872057392502867,0.0,0
300001474,0.7065217391304348,6.739787836097987,-0.012422360248447194,0.0,0
300001475,0.6956521739130435,6.636098792465708,-0.012422360248447216,0.0,0
300001476,0.9891304347826086,9.435702970537179,-0.012422360248447182,0.0,0
300001477,0.9565217391304348,9.020403253636893,-0.01271110469136127,0.0,0
300001478,0.9891304347826086,9.435702970537179,-0.012422360248447182,0.0,0
300001479,0.5978260869565217,5.702897399775217,-0.01242236024844719,0.0,0
300001480,751.0760869565217,1137.159067242035,0.5112221153293302,0.5061932159133078,2
300001481,239.83695652173913,363.3951399849072,0.47852552947430843,0.3269604546723619,2
300001482,1.9565217391304348,18.664027853809806,-0.012422360248447216,0.0,0
300001483,10.608695652173912,36.443212680451076,0.02491916777228814,0.09021063815021302,0
300001490,2.4565217391304346,18.498186188097673,-0.019935560139616313,0.0,0
300001491,2.467391304347826,18.529911827236035,-0.020043560260067792,0.0,0
300001492,8.08695652173913,32.722367092381084,-0.05683024731123245,1.989514952782656e-08,0
300001503,7.826086956521739,74.65611141523922,-0.012422360248447239,0.0,0
300001504,6.9021739130434785,35.319061174252965,-0.03030124125272369,0.0,0
300001505,5.739130434782608,23.01694534808865,-0.046496103178636165,0.0001311062575296562,0
300001506,82.67391304347827,165.29697311043145,0.31582447730679447,0.008686992159777196,0
300001508,1.6304347826086956,15.448875990704998,-0.012590952954775959,0.0,0
300001509,3.260869565217391,31.106713089683005,-0.012422360248447206,0.0,0
300001510,337.20652173913044,786.077736199653,0.2222413199905452,0.003187517868371237,0
300001511,255.68478260869566,625.2292610705817,0.10887703400534475,0.006660446227179984,0
300001512,72.98913043478261,179.70413453454285,0.27644923114033887,0.10057170209510802,2
300001513,701.25,1120.3035945768179,0.5192644213026646,0.3882489847595043,2
300001514,2504.3152173913045,4092.226068305154,0.4290778225508358,0.2257333868618776,1
300001515,1029.195652173913,1741.2700090247124,0.45360366559303217,0.16047099875601656,2
300001516,386.70652173913044,611.459293999475,0.536643403792615,0.12819827268040251,2
300001517,3.902173913043478,37.22436666398734,-0.012422360248447215,0.0,0
300001518,2.4456521739130435,23.33003481726226,-0.01242236024844718,0.0,0
300001519,3.3152173913043477,31.625158307844384,-0.012422360248447223,0.0,0
300001520,19.967391304347824,53.97109755652164,0.052235536228373514,0.09998171870807104,0
300001521,1.173913043478261,10.787078316260354,-0.013387815068178701,0.0,0
300001522,1.1630434782608696,11.094727668653604,-0.012422360248447176,0.0,0
300001523,3.9130434782608696,36.08825298875963,-0.013290555750647073,0.0,0
300001524,11.576086956521738,48.24399798119793,-0.06508523714377004,3.199917475438241e-08,0
300001525,4.619565217391305,23.699588324852517,-0.03588778633828537,0.0,0
300001528,36.02173913043478,108.50185114238029,-0.05815110364340791,0.027877446223728786,0
300001529,54.84782608695652,168.57580766544382,-0.08933261904956419,0.020969629118604227,0
300001530,67.21739130434783,196.52125817563308,0.08093467737284502,0.29114376803713227,2
300001531,20.706521739130434,150.93430316038297,-0.021275702515778396,0.0,0
300001532,5.217391304347826,35.00211983858559,-0.025116761241939338,0.0,0
300001533,12.0,114.47270417003348,-0.012422360248447189,0.0,0
300001534,48.0,344.36027645476184,-0.021963517330587892,0.0,0
300001536,4.619565217391305,23.79799150791856,-0.035591612503558585,0.0,0
300001537,3.5217391304347827,16.83518459814701,-0.03974349940102883,0.0,0
300001538,47.73913043478261,206.846975026237,0.1169625231999046,0.0,0
300001540,59.47826086956522,226.70280671153688,0.1271397403848982,0.294386988881184,2
300001541,59.47826086956522,226.68362737241202,0.12716125547517884,0.29444092598180427,2
300001561,86.97826086956522,146.89222448573216,0.4053089049375836,0.2665036226244889,2
300001562,10.630434782608695,17.842132227389744,0.41545685024120177,0.3476713005583848,2
300001563,38.23913043478261,62.25864171991767,0.46631506365058484,1.1420117951299602e-05,2
300001564,69.66304347826087,141.5275574006021,0.20767006766796617,0.002730659689969439,0
300001566,10.923913043478262,19.358311155032283,0.34550050954594175,4.5858759164296714e-05,0
300001567,44.5,73.52188375786048,0.5004665163894045,0.013182597250874672,2
300001573,31.304347826086957,114.67550998269884,0.05319877651376423,0.07272566704359895,0
300001574,7.728260869565218,41.454297322963306,-0.03928890660896523,0.0,0
300001575,1.0869565217391304,10.368904363227667,-0.012422360248447168,0.0,0
300001576,0.5434782608695652,5.184452181613834,-0.012422360248447168,0.0,0
300001577,0.5434782608695652,5.184452181613834,-0.012422360248447168,0.0,0
300001578,1.0869565217391304,10.368904363227667,-0.012422360248447168,0.0,0
300001580,32.34782608695652,154.72798254430458,-0.03724762424072847,0.0,0
300001581,23.347826086956523,109.64492442332134,-0.03960542247828803,0.0,0
300001600,5.315217391304348,36.58252414444399,-0.02386383511812163,0.0,0
300001604,3.260869565217391,31.106713089683005,-0.012422360248447232,0.0,0
300001610,399.4347826086956,738.1806115795167,0.38956588989036706,1.5271723595722264e-05,2
300001611,866.0,1665.2607642779187,0.3307032955043135,0.003765217880700944,2
300001615,5.163043478260869,28.202018573265374,-0.03788756443429016,0.0,0
300001620,0.8152173913043478,7.776678272420751,-0.012422360248447206,0.0,0
300001621,0.8152173913043478,7.776678272420751,-0.012422360248447232,0.0,0
300001622,0.8152173913043478,7.776678272420751,-0.012422360248447206,0.0,0
300001624,29.73913043478261,64.85030749235158,0.2830587379653269,0.03669272691898828,0
300001630,81.55434782608695,150.084857456101,0.3366180220553394,0.30770301888422347,2
300001631,12.793478260869565,30.267839886254887,0.2208737135298565,0.27606606204801176,2
300001632,6.467391304347826,22.27810930182973,0.3033521986360601,0.002129208911545555,0
300001634,36.630434782608695,74.28407831504212,0.23490997353092813,0.04059419237116757,0
300001635,17.347826086956523,40.18799160429823,0.3149501795452849,0.1123130512530437,2
300001636,30.217391304347824,101.81310948379841,0.005792168660035222,1.587282610693297e-05,0
300001637,29.07608695652174,94.39466566722517,0.031445502613025714,0.014895594103184084,0
300001639,10.467391304347826,28.180108266122033,0.0884310033472034,0.022488082309605528,0
300001640,8.402173913043478,43.367504309756065,-0.042432633324640645,0.0,0
300001641,212.2173913043478,391.7839862366194,0.3646079297574206,0.006844032802585276,2
300001642,127.78260869565217,264.4007098131857,0.3001182598205714,0.0007139226904421259,0
300001643,374.7826086956522,817.4513125521268,0.11133843045101102,0.0053501531428684634,0
300001644,300.79347826086956,580.3534443701093,0.2511193433335418,0.00012410233026416417,0
300001646,351.17391304347825,633.5323266295794,0.3951534767142226,0.00032525456924270557,2
300001647,656.6521739130435,1227.619704911329,0.4281600475475792,0.1740687641001225,2
300001648,11.902173913043478,82.5815880867296,-0.023481813528946547,0.0,0
300001649,429.14130434782606,782.9381615528075,0.4074447712664286,0.0003663991474066597,2
300001653,43.67391304347826,90.49586931428948,0.20503902808478724,0.031020526436677076,0
300001655,62.53260869565217,125.12554139977182,0.2402117322653853,0.38041954885830753,2
300001662,2204.336956521739,3941.2627673979937,0.38262275292451453,0.28784419623075574,1
300001665,2085.2934782608695,3818.376269801544,0.36414717069471053,0.0035268442608207273,1
300001671,200.80434782608697,434.9236874373939,0.23822058234912266,0.0013480604441907795,0
300001676,10.826086956521738,24.48451537980164,0.2593948968832383,0.08616359496871762,2
300001678,1.0326086956521738,9.850459145066287,-0.012422360248447258,0.0,0
300001679,1.6956521739130435,16.175490806635164,-0.01242236024844723,0.0,0
300001680,222.5108695652174,398.57284792023137,0.4120682455860739,0.0674682694909563,2
300001681,173.44565217391303,312.9951160936664,0.40377945320407516,1.6824568959128428e-05,2
300001682,5.282608695652174,28.77397906886666,-0.03810154172025678,0.0,0
300001683,3.4456521739130435,18.657300780143846,-0.03855589205677175,0.0,0
300001689,199.93478260869566,625.4957304332063,-0.025480101307602462,3.2755143042351165e-10,0
300001690,4.032608695652174,16.79055835034815,0.15058024431656106,0.0,0
300001691,17.891304347826086,60.25641883934154,-0.011499283777354603,0.00023033003655326123,0
300001692,68.19565217391305,188.36454244539132,-0.01709655007964811,0.6034291035310736,2
300001700,3.9130434782608696,37.32805570761961,-0.01242236024844721,0.0,0
300001712,4.554347826086956,26.10695564921964,-0.03440213853742832,0.0,0
300001713,4.891304347826087,34.62515312216625,-0.022558565506603716,0.0,0
300001714,13.326086956521738,34.515311251313484,0.23460547411398866,0.0014039937009743264,0
300001715,29.67391304347826,59.55069245310765,0.26521206424704585,0.013907542141364804,0
300001716,31.793478260869566,69.36443425903231,0.19605229629519216,0.0003086172010062782,0
300001717,83.3913043478261,187.79058390304476,0.16245561813811538,0.16229683415619078,2
300001718,37.78260869565217,79.4000364263081,0.2663045604908877,0.06658949350178145,2
300001721,0.9239130434782609,6.713441571323088,-0.01583954729496782,0.0,0
300001723,430.7391304347826,852.3959692940888,0.36619451320954516,0.08548667807354005,2
300001730,49.84782608695652,104.6609364840048,0.29728293229514835,0.00010431304787028584,0
300001732,2.9347826086956523,14.201809703899867,-0.032141164192810504,0.0,0
300001733,1.315217391304348,9.044490693746264,-0.0109718747278209,0.0,0
300001735,9.728260869565217,32.79551376426937,-0.007011269253796873,0.008275173437148675,0
300001736,20.27173913043478,66.10171728034157,0.060759339231665974,0.0121573789218965,0
300001746,1.4130434782608696,13.479575672195972,-0.012422360248447213,0.0,0
300001747,1.1304347826086956,10.783660537756774,-0.012422360248447228,0.0,0
300001748,1.2934782608695652,12.338996192240927,-0.012422360248447228,0.0,0
300001749,0.532608695652174,5.080763137981558,-0.012422360248447187,0.0,0
300001751,1.1304347826086956,10.783660537756774,-0.012422360248447228,0.0,0
300001752,1.2173913043478262,11.613172886814992,-0.01242236024844719,0.0,0
300001754,4.695652173913044,23.588288882425452,0.4058089678607601,0.0,2
300001757,30.967391304347824,86.58715778448158,0.002467225260702003,1.6071726897548544e-05,0
300001758,47.27173913043478,137.67914047909503,0.0002015864552164629,0.00019201089406972738,0
300001764,865.1195652173913,2129.514125244818,0.0742236066090465,9.879060615369806e-05,0
300001765,578.6413043478261,1442.435776443276,0.07186179354514362,3.979476281101846e-05,0
300001766,414.1521739130435,1063.5980764120663,0.06316048713147446,0.00017140138858084963,0
300001768,313.8695652173913,778.999807688084,0.06493620416982793,0.001759916451805732,0
300001770,221.57608695652175,549.4753472670574,0.1087084360600815,0.009407014254501855,0
300001771,417.5,1027.6599685059086,0.05492095338463009,2.505669027819124e-08,0
300001772,207.79347826086956,536.9654376790137,0.09019131666564241,9.608325307342014e-05,0
300001773,352.5869565217391,901.6667435098219,0.04434030550867535,0.004357005965528238,0
300001774,116.91304347826087,287.73631694789105,0.061658916507614854,0.007436492307181464,0
300001776,92.01086956521739,237.804015697491,0.05763311712072656,0.0062835090986276265,0
300001784,0.44565217391304346,4.251250788923345,-0.012422360248447227,0.0,0
300001785,0.45652173913043476,4.354939832555621,-0.01242236024844722,0.0,0
300001790,0.44565217391304346,4.251250788923345,-0.012422360248447227,0.0,0
300001792,6.782608695652174,24.13045436740294,-0.010305188594987136,6.485862636940176e-05,0
300001793,3.032608695652174,10.361352823118311,-0.011173603227824586,0.013785041786990582,0
300001795,8.48913043478261,35.64818873538207,-0.0073968173502109305,0.0,0
300001796,2.489130434782609,13.819090894733264,-0.004231845287418247,0.0,0
300001797,15.347826086956522,67.11207932202873,-0.006821592430258087,0.0,0
300001798,4.065217391304348,38.77970231847149,-0.0014333492594362683,0.0,0
300001801,3.2717391304347827,17.838711727752656,-0.01601000431762194,0.0,0
300001802,3.0652173913043477,19.89854940519539,-0.016221778647398922,0.0,0
300001806,1.608695652173913,11.31366672747681,-0.002637147565647,0.0,0
300001807,1.608695652173913,11.356818026629691,-0.0026171454570828776,0.0,0
300001809,145.70652173913044,597.7170433160748,-0.007751042562013681,2.3053064338585116e-06,0
300001810,0.021739130434782608,0.2073780872645534,-0.0014333492594362147,0.0,0
300001815,29.97826086956522,121.5973378445781,-0.007927899823756841,0.0002608519237922158,0
300001816,111.1413043478261,438.77171893529,-0.008368876186505737,2.346846171052963e-05,0
300001817,24.934782608695652,95.67878829343822,-0.008858766565253279,0.004202816894920858,0
300001818,1.0,5.520711989369235,-0.004279600570613396,0.0,0
300001819,35.46739130434783,145.14666129297999,-0.007788212821136518,2.0909095938104194e-05,0
300001820,137.8695652173913,560.6594761565693,-0.007887364236507764,7.384857536596456e-08,0
300001821,89.69565217391305,365.5705112242351,-0.007852245882094872,6.997492975169273e-06,0
300001822,21.67391304347826,118.68684670316364,-0.0043497358983739885,0.0,0
300001823,92.95652173913044,300.20463720035593,-0.012505998019732109,0.002391806477765712,0
300001824,9.869565217391305,60.503542366884595,-0.003470786152248729,0.0,0
300001825,2.3369565217391304,12.31319297225633,-0.004698435965459225,0.0,0
300001826,2.717391304347826,18.22941130900743,-0.0028983611074132713,0.0,0
300001828,64.43478260869566,351.7629916128629,-0.004376569824612449,0.0,0
300001829,39.45652173913044,214.9175480445161,-0.004396299383890265,0.0,0
300001831,24.76086956521739,104.3349924173195,-0.0073462419167377785,2.6662061447524366e-10,0
300001833,7.304347826086956,32.24253844603793,-0.0066941872670268215,5.585649720529773e-10,0
300001835,161.34782608695653,677.494848926072,-0.00739788643599445,0.0,0
300001837,94.78260869565217,386.1561079376351,-0.007858233271811775,2.1609690022184047e-05,0
300001849,120.47826086956522,489.2969774442776,-0.007907983095402514,4.580263535125528e-05,0
300001850,0.010869565217391304,0.1036890436322767,-0.0014333492594362147,0.0,0
300001851,0.44565217391304346,4.251250788923344,-0.0014333492594361833,0.0,0
300001857,4.989130434782608,28.035495577701756,-0.004130728586833439,0.0,0
300001859,4.989130434782608,28.035495577701756,-0.004130728586833439,0.0,0
300001862,6.521739130434782,43.74915608151762,-0.002898550724637646,0.0,0
300001863,1.9673913043478262,18.767716897442085,-0.001433349259436222,0.0,0
300001865,1.2717391304347827,12.131618104976372,-0.0014333492594362093,0.0,0
300001866,1.2717391304347827,12.131618104976372,-0.0014333492594362093,0.0,0
300001870,4.065217391304348,38.77970231847149,-0.0014333492594362683,0.0,0
300001871,1.923913043478261,18.352960722912975,-0.0014333492594361898,0.0,0
300001872,4.239130434782608,40.43872701658792,-0.001433349259436247,0.0,0
300001873,4.228260869565218,40.33503797295564,-0.001433349259436199,0.0,0
300001882,2.7065217391304346,19.93333347821872,-0.0024046761353614687,0.0,0
300001883,2.717391304347826,17.426445474919984,-0.003171612769998986,0.0,0
300001884,2.130434782608696,14.018789713393787,-0.0030123738179004635,0.0,0
300001890,3.130434782608696,21.012531142828923,-0.0028949828766565316,0.0,0
300001891,4.141304347826087,22.263042841434462,-0.004513346444969776,0.0,0
300001892,4.630434782608695,26.852543151888007,-0.003878520719938397,0.0,0
300001905,4.75,45.312112067304916,-0.0014333492594362173,0.0,0
300001920,66.42391304347827,402.9922114280183,-0.0035436353557364614,0.0,0
300001921,57.82608695652174,381.79457852231997,-0.002992137274221937,0.0,0
300001932,1.0326086956521738,9.850459145066287,-0.001433349259436221,0.0,0
300001939,2.1739130434782608,14.583052027172542,-0.002898550724637693,0.0,0
300001941,19.717391304347824,134.03230678743063,-0.0028227560385838553,0.0,0
300001942,7.815217391304348,53.15500903792893,-0.002819597729114809,0.0,0
300001950,0.18478260869565216,1.762713741748704,-0.0014333492594362264,0.0,0
300001951,0.13043478260869565,1.2442685235873205,-0.0014333492594362845,0.0,0
300001952,0.14130434782608695,1.3479575672195971,-0.0014333492594362305,0.0,0
300001953,0.18478260869565216,1.762713741748704,-0.0014333492594362264,0.0,0
300001972,2.380434782608696,22.707900555468598,-0.0014333492594362483,0.0,0
300001987,1.1521739130434783,10.99103862502133,-0.0014333492594362429,0.0,0
300001992,2.652173913043478,15.339941317421268,-0.003898971136855875,0.0,0
300001993,9.282608695652174,44.8105495359792,-0.005597227581243045,0.0,0
300001994,3.010869565217391,20.200890297436736,-0.0028975856474049424,0.0,0
300001995,3.1956521739130435,18.033928850698633,-0.004095733789118241,0.0,0
300001996,2.097826086956522,14.3345582593777,-0.0027935969888041035,0.0,0
300001998,2.5869565217391304,24.677992384481854,-0.0014333492594362576,0.0,0
300001999,3.630434782608696,34.63214057318042,-0.0014333492594362214,0.0,0
300002010,156.45652173913044,876.8912035664684,-0.004152305835103593,0.0,0
300002011,619.445652173913,3305.8510821694763,-0.004579660294166576,0.0,0
300002070,0.8695652173913043,8.295123490582137,-0.0014333492594362097,0.0,0
300002071,6.456521739130435,46.898459473048575,-0.0024721424927586144,0.0,0
300002072,2.6847826086956523,18.39832775235771,-0.00277750575894596,0.0,0
300002083,0.2717391304347826,2.5922260908069177,-0.0014333492594362312,0.0,0
300002084,1.0869565217391304,10.36890436322767,-0.0014333492594362312,0.0,0
300002085,0.6847826086956522,6.532409748833433,-0.0014333492594362073,0.0,0
300002086,0.6847826086956522,6.532409748833433,-0.0014333492594362073,0.0,0
300002090,0.021739130434782608,0.2073780872645534,-0.0014333492594362147,0.0,0
300002091,0.010869565217391304,0.1036890436322767,-0.0014333492594362147,0.0,0
300002102,1.6304347826086956,15.553356544841506,-0.0014333492594361924,0.0,0
300002103,0.5434782608695652,5.184452181613835,-0.0014333492594362312,0.0,0
400000045,141.9673913043478,200.57257447698365,0.46978150982792916,0.23571969431670725,2
400000046,54.33695652173913,71.12286936885337,0.5938858903289254,0.5029237163269146,2
400000047,1.9565217391304348,6.9107871625487896,-0.09060659956787621,0.0023265239156277095,0
400000120,2.858695652173913,8.420448095247883,-0.07720321642818129,0.004477192246961859,0
400000121,1.9456521739130435,4.281822373188634,0.04049348900582412,0.10940727922020654,0
400000122,4.293478260869565,13.045520673427788,0.024389523172588516,0.007967462433423722,0
400000124,3.347826086956522,8.931423255061794,0.08826503723859959,0.020374056089621728,0
400000350,502.35869565217394,984.7631869545629,0.33856306312426043,0.04494381103346701,2
400000351,15.33695652173913,32.2696779109487,0.32768966654968174,1.3025914441966435e-05,0
400000352,25.684782608695652,61.55801952979808,0.164724885044063,0.011098403447641791,0
400000353,23.32608695652174,50.987233844589696,0.11651221526091772,0.0027355710481525852,0
400000354,44.17391304347826,86.86791681423362,0.3407681428718817,0.03406871761354713,2
400000363,36.96739130434783,121.12959742133867,-0.004403706428552247,2.7678202160208443e-06,0
400000364,19.83695652173913,70.00811710296497,-0.010585589990643853,0.0,0
400000374,0.9021739130434783,3.2938011034190713,-0.020631897126022872,0.0011539644485125677,0
400000375,6.695652173913044,21.408419275579806,-0.0134558511881668,2.3486474609590857e-06,0
400000376,3.108695652173913,11.773640899815453,0.01419706028097517,0.007287268068033481,0
400000378,0.03260869565217391,0.31106713089683014,-0.0014333492594362307,0.0,0
400000379,0.06521739130434782,0.3846044785424812,-0.0037505209056813518,0.0,0
400000460,89.0,282.1242788128171,0.11895188878136874,5.411376059250017e-06,0
400000461,29.52173913043478,82.39254903269992,0.01823504121785066,0.008255030309598066,0
400000691,57.02173913043478,177.17634167447227,0.02909802223744549,0.016387765442493762,0
400000692,55.95652173913044,170.7366337656943,0.11336112765856901,0.0008626115721094285,0
400000693,157.66304347826087,478.046211091107,0.03188907977786763,0.007110355216162434,0
400000694,161.25,400.7695484667727,0.0733457230019985,0.0030452188750855758,0
400000744,1.9456521739130435,6.214226543278811,-0.012786440517438272,0.0008432190810723217,0
400000745,1.0434782608695652,2.9742117826053143,-0.01605522700771637,0.008886466251374125,0
400000897,74.46739130434783,256.9033590539343,0.10550567801151237,0.0018331775924639304,0
400000925,10.66304347826087,44.13301957519105,-0.0076142738639165914,0.007291052822683608,0
400000926,2.9130434782608696,12.36461656951614,-0.007239791273382332,0.00011457123878766406,0
400000927,9.923913043478262,43.27144698087326,-0.006860511282760503,0.02309957680086394,0
400000928,2.1956521739130435,13.120046999546966,-0.003653000412891817,1.307473773692891e-08,0
400001101,8.206521739130435,39.37819360229672,-0.0056650022615121745,0.0,0
400001103,3.880434782608696,20.72587250552584,-0.004572235082817995,0.0,0
400001104,7.0,35.65261134408213,-0.005028133604692955,0.0,0
400001105,2.5543478260869565,13.732193316084704,-0.004513086643717916,0.0,0
400001111,5.065217391304348,25.70518656335894,-0.0050646341251425805,0.0,0
400001112,2.1739130434782608,13.951475452323542,-0.0031669228003451786,0.0,0
400001161,19.282608695652176,107.16376396076328,-0.004223077745850649,0.0,0
400001162,13.0,87.81192847562737,-0.0028587296978035024,0.0,0
400001186,12.597826086956522,65.91794302513851,-0.0047640613168793075,0.0,0
400001187,4.304347826086956,23.12853457379414,-0.004517642937504997,0.0,0
400001235,0.010869565217391304,0.1036890436322767,-0.0014333492594362147,0.0,0
400001240,23.66304347826087,157.87138939889408,-0.002930405763485826,0.0,0
400001241,14.173913043478262,78.99471758559064,-0.004199299451620049,0.0,0
400001423,1.934782608695652,13.142037056568485,-0.0028270428665260736,0.0,0
400001424,0.5108695652173914,3.823538553479393,-0.0023285337264937526,0.0,0
